{"cameraMode":{"drawMode":0,"name":"Shaded","section":"Shading Mode"},"sceneLighting":true,"audioPlay":false,"sceneViewState":{"showFog":true,"showMaterialUpdate":false,"showSkybox":true,"showFlares":true,"showImageEffects":true,"showParticleSystems":true},"in2DMode":false,"pivot":{"x":5.146109104156494,"y":22.687049865722658,"z":-20.19632339477539},"rotation":{"x":0.3286828100681305,"y":-0.0811224952340126,"z":0.027275612577795984,"w":0.9408674240112305},"size":10.057267189025879,"orthographic":false}